feature,importance_clf
TG（甘油三酯）,0.37515137902892165
TC（总胆固醇）,0.35510164761844437
血尿酸,0.1568468521882293
LDL-C（低密度脂蛋白）,0.05210786054645212
HDL-C（高密度脂蛋白）,0.04043479996783008
空腹血糖,0.00666014206879468
BMI,0.004599467182818825
ADL总分,0.003244377056639369
活动量表总分（ADL总分+IADL总分）,0.0030766803512606144
IADL总分,0.0027767939906090566
