feature,importance_reg
BMI,0.1331304219202703
HDL-C（高密度脂蛋白）,0.11309843228977445
空腹血糖,0.10949657695053688
TC（总胆固醇）,0.10454440910966652
LDL-C（低密度脂蛋白）,0.10102646526521511
ADL总分,0.09983322145647361
TG（甘油三酯）,0.09819597065456438
血尿酸,0.08692950975456724
IADL总分,0.08522903251401338
活动量表总分（ADL总分+IADL总分）,0.06851596008491809
